GDP per capita,Life satisfaction
19121.592,5.1
50854.583,7.5
12239.893999999998,4.9
51350.744000000006,7.0
43770.687999999995,6.8
25864.721,6.5
18064.288,4.8
15991.736,6.1
32485.545,5.9
49866.265999999996,7.2
43724.030999999995,6.9
17288.083,5.6
9437.372,5.6
35343.336,7.4
40996.511,7.0
12495.333999999999,5.8
20732.482,5.7
40106.632000000005,6.9
43603.115,7.3
55805.204000000005,7.2
